,time [s],altitude [m],ground_distance [m],mass [kg],true_airspeed [m/s],equivalent_airspeed [m/s],mach [-],engine_setting,CL [-],CD [-],drag [N],thrust [N],thrust_rate [-],thrust_is_regulated,sfc [kg/N/s],slope_angle [rad],acceleration [m/s**2],name
0,0.0,10.668,0.0,75194.26096148315,79.3,79.2593976814894,0.23306096703307572,2,0.0,0.0,0.0,,,,,0.0,0.0,sizing:main_route:climb
1,0.0,10668.0,250000.0,73389.59869840754,231.298488095132,128.75566260656646,0.78,2,0.5534626303108741,0.03263856173859306,42442.201073048665,42428.602582820626,0.7538291820767176,True,1.6831299493023912e-05,0.0,0.0,sizing:main_route:climb
2,19857.45794460585,10668.0,4843000.0,60494.72918305864,231.298488095132,128.75566260656646,0.78,3,0.45621685535018647,0.028072218753070234,36504.26640814883,36504.26640814883,0.6485714733368919,True,1.6994674378115447e-05,0.0,0.0,sizing:main_route:cruise
3,19857.45794460585,0.0,5093000.0,59587.30824531276,0.0,0.0,0.0,2,0.0,0.0,0.0,36504.26640814883,0.6485714733368919,True,1.6994674378115447e-05,0.0,0.0,sizing:main_route:descent
4,19857.45794460585,0.0,5093000.0,59587.30824531276,0.0,0.0,0.0,2,0.0,0.0,0.0,36504.26640814883,0.6485714733368919,True,1.6994674378115447e-05,0.0,0.0,sizing:global_reserve
5,19857.45794460585,0.0,5093000.0,56214.44174086109,0.0,0.0,0.0,2,0.0,0.0,0.0,36504.26640814883,0.6485714733368919,True,1.6994674378115447e-05,0.0,0.0,sizing:global_reserve
